"Seller Name","Seller ID","Seller Type","Price","Condition","Grab Asins"
"ishipfastest","A1QMFFBN1B6NF5","FBA","146.95","New",""
"💥Elemode Shop💥","ADPEEJZ37JT58","FBA","149.98","New",""
"Workfromhomefun","A3BIA8XHI45FSE","FBA","149.99","New",""
"🌴🦩The Desert Flamingo🦩🌴","A211YOAHCMERGQ","FBM","150","New",""
"Eternal Product","A19WRW759JIFS1","FBM","145","New",""
"Joshi Goods","A10MDQNOG25Y1S","FBM","152.49","New",""
"SpeedRetail","A32IUHZPOS31GP","FBM","153.95","New",""
"ExtraCareSupply","A1D5UNUMJQFJAD","FBM","154.93","New",""
"Infinity Collections LLC","A1UB23ERN5H5RO","FBM","147.44","New",""
"Daily Web Deals","A3J21OWZIK6FQO","FBA","154.93","New",""
"Ultra Savings","A28UAOMOQXZXMY","FBA","146.95","New",""
"LJett","A1THYJ25S892ON","FBA","157.49","New",""
"Ben’s Deals","A4NMZV91WHLOX","FBA","157.49","New",""
"NoMoreEbay","A2SWT1SHRK5D2Q","FBM","150","New",""
"Comfy Adventure","A12CS88OGMLA4U","FBM","159","New",""
"Gemtastic Finds","A843R1P6ZIQLQ","FBM","160","New",""
"The Majestic Market","A3OXVXRRITQ5CN","FBM","152.75","New",""
"Cortes Fulfillment","A3COEBZQDJEQTS","FBM","162.97","New",""
"Globify LLC","A3SYOYQ1V9O6SX","FBM","163","New",""
"CoreDeal","A2U9XUP3W5OY1","FBA","165","New",""
"JRJ Supply","A3HL48PWFIXDX6","FBA","165","New",""
"porkstyle","A2534WT45PT68","FBM","167.99","New",""
"Package Outbound","A15NI3PZMTW56K","FBA","169.99","New",""
"Goods Via Mia","AG873ZDKIEKY0","FBM","169.99","New",""
"Vintage.Games+","A1ZGZDMCCT38CP","FBM","169.99","New",""
"Seeking One Store","AU9HEO7SA7VR7","FBM","170","New",""
"EffysFinds","AA867GMLLECE1","FBM","165","New",""
"MVDCollect","A1Q7PQEACJN62K","FBM","148.99","New",""
"Brawndo-Mart","A2BGXZ1SEKOF76","FBM","174","New",""
"TreasuresXpress","A5NE0KX6DA1NI","FBM","174.95","New",""
"Kicks.AK","ALBPP1TJE8ME3","FBM","174.99","New",""
"Alsbarnfinds","A37WE948CW91FW","FBA","177.99","New",""
"Vacationland","A3DCBRRE26W8SW","FBM","179.95","New",""
"New Game Plus LLC","A364QVMFUTG7DL","FBA","179.95","New",""
"Stalwart Supply Co.","A1S7RTGLIRVA96","FBM","179.99","New",""
"Cody's Books Inc","AD8YMR5KLVIN3","FBA","180","New",""
"Sigma Games LLC","A28M30WPHHKD5N","FBA","184.95","New",""
"Absolutely!","A2RRPWVVJ5VPJ0","FBA","184.98","New",""
"Counting Planets","A19SGEQSLNBCAI","FBM","180","New",""
"Shop_N_Ship LLC","AU9VUFKOZBUII","FBM","189.99","New",""
"Stellar Kix","A3KIX94IKJL7ZD","FBM","189.99","New",""
"Two Day Delight","A3GG6BRWV0M99G","FBA","195.95","New",""
"HOT-CELERY","A37K7E628VCIOP","FBA","199","New",""
"P&M Commerce","AU5P5ZA7DGC7N","FBA","199","New",""
"Cody's Books Inc","AD8YMR5KLVIN3","FBA","199.99","New",""
"AMI Trading","AGG4HBMH0GRE7","FBA","200","New",""
"T & L Emporium LLC","A3MD92V7O6SRQL","FBM","200","New",""
"Kalis Store","A1M548MQC1637P","FBM","200","New",""
"Louisiana Liquidator","A3LAOPWI8CLMV5","FBA","225","New",""